"id";"NB";"COUT";"ANNEE"
15;1;521,43;2017
277;1;3000,19;2016
643;1;26,33;2018
668;1;462,36;2017
730;1;640,88;2018
1816;1;1547,02;2018
1852;1;1212,62;2016
2061;1;690,14;2018
2270;1;219,89;2018
2322;1;628,72;2017
2431;1;6217,2;2016
2445;1;280,37;2016
2468;1;171,57;2017
2590;1;24,52;2017
2679;1;1910,68;2018
2917;1;287,42;2017
2993;1;770,73;2016
3283;1;4583,13;2016
3298;1;615,37;2016
3300;1;24,21;2016
3346;1;285,3;2017
3582;1;1138,87;2018
3588;1;360,55;2016
3594;1;2072,01;2016
3637;1;393,73;2017
3639;1;115,65;2018
3668;1;2551,71;2018
4051;2;3084,56;2018
4409;1;1106,2;2016
4426;1;294,27;2018
4503;1;825,1;2018
4713;1;1385,59;2017
5035;1;1441,92;2018
5195;1;1707,89;2018
5256;1;24,52;2017
5266;1;56,53;2017
5317;1;342,88;2018
5388;1;24,52;2017
5412;1;360,75;2016
5523;1;160,4;2016
5548;2;472,81;2018
5566;1;251,19;2016
5659;1;263,75;2018
6485;1;1179,49;2018
6592;1;73,64;2016
6689;1;4562,76;2016
7388;1;2521,34;2017
7542;1;2135,6;2017
7582;1;100,55;2017
7605;1;338,51;2017
7626;1;504,09;2018
8426;1;692,59;2017
8479;1;730,98;2016
8496;1;280,37;2016
8609;1;24,52;2017
8885;1;373,29;2017
9025;1;240,53;2016
9026;1;2638,15;2016
9183;1;8891,37;2018
9418;1;121,81;2018
10091;1;700,72;2016
10910;1;695,16;2017
10937;1;141,72;2018
11525;1;375,34;2018
11875;1;1065,79;2017
12036;1;10042,18;2017
12062;1;1408,47;2017
12080;1;45,65;2018
12224;1;736,04;2017
12264;1;544,99;2017
12554;1;470,8;2017
12664;1;1204,11;2017
12746;1;563,57;2018
12926;1;436,51;2016
13347;1;1041,75;2018
13413;1;407,27;2018
13450;1;2103,16;2018
13559;1;380,08;2017
13913;1;849,42;2017
14047;1;234,34;2018
14064;1;1246,21;2018
14556;1;1576,81;2016
14755;1;24,52;2017
14841;2;14261,37;2018
14867;1;160,28;2018
14888;1;267,81;2018
15021;1;400,88;2017
15436;2;292,43;2016
15501;1;2316,63;2017
15991;1;2500,59;2018
16182;1;91,96;2017
16281;1;552,85;2017
16570;1;197,01;2017
16613;1;24,21;2016
16820;1;300,54;2016
16957;1;165,56;2016
17154;1;2342,58;2018
17296;1;256,65;2018
17328;1;435,58;2017
17398;1;225,57;2016
17621;1;339,3;2016
17830;1;35,31;2016
17916;1;1497,92;2018
18060;1;24,52;2017
18783;1;277,42;2016
18926;1;592,36;2017
19252;1;1033,48;2017
19461;1;553,84;2016
19636;1;56,53;2017
19755;1;4969,84;2018
19941;1;533,66;2016
20185;1;405,17;2017
20384;1;634,02;2018
20692;1;554,84;2016
20784;1;2143,72;2016
20844;2;580,06;2016
20968;1;811,45;2017
21638;1;1705,68;2018
21808;1;660,38;2017
21830;1;256,76;2017
21979;1;228,25;2018
21997;1;24,35;2018
22005;1;44,11;2018
22024;1;508,1;2016
22038;1;1063,26;2018
22158;1;908,51;2018
22302;1;266,33;2016
22448;1;105,82;2016
22605;1;5476,78;2016
22658;1;1742,09;2016
22895;1;1989,6;2017
23076;1;1532,73;2017
23284;1;171,99;2017
23338;1;2611,68;2016
23410;1;840,73;2018
23446;1;3193,05;2018
23849;1;1506,37;2016
24050;1;23,5;2017
24245;1;216,89;2016
24585;1;486,25;2016
24767;1;6089,01;2018
24833;1;782,92;2017
24894;1;1521,66;2018
25211;1;24,52;2017
25231;1;4090,26;2017
25245;2;678,93;2016
25254;1;890,71;2017
25265;1;253,61;2018
25378;1;509,45;2016
26159;2;2833,23;2016
26380;1;1758,05;2016
26430;1;1280,99;2018
26512;1;3775,01;2017
26748;1;630,5;2016
27088;1;335,09;2018
27259;1;633,57;2016
27267;1;286,44;2017
27317;1;172,45;2018
27336;1;235,35;2017
28019;1;213,83;2016
28131;1;235,35;2017
28252;1;935,29;2017
28792;2;1800,71;2018
29364;1;24,52;2017
29536;1;691;2016
29722;1;1908,56;2018
29883;1;24,52;2017
30161;1;378,36;2017
30216;1;1867,41;2018
30303;1;580,39;2017
30568;1;133,16;2017
30920;1;3109,35;2017
30945;1;784,54;2018
31235;1;1025,52;2018
31545;1;234,83;2017
31569;1;4234,33;2017
32015;1;5435,46;2016
32533;1;57,21;2018
32668;1;546,68;2017
32710;1;534,91;2017
32817;1;523,59;2018
33535;1;1122,61;2017
33579;1;255,45;2017
33621;1;305,75;2018
34034;1;2453,11;2018
34296;1;274,72;2016
34303;1;636,51;2017
34575;1;735,3;2017
34728;1;105,32;2016
34793;1;9940,9;2016
34902;1;630,42;2017
35185;1;1804,05;2017
35203;1;813,34;2018
35832;1;130,74;2016
35968;1;43,4;2017
36422;1;2554,13;2017
36654;1;295,12;2018
37041;1;692,59;2017
37418;1;86,85;2017
38000;1;177,8;2017
38094;1;7683,05;2017
38481;1;2322,4;2017
38743;1;468,99;2017
38879;1;423,56;2016
39056;1;271,37;2016
39168;1;1363,11;2017
39293;1;2727;2017
39823;1;5572,07;2017
39949;1;24,21;2016
40222;1;1321,43;2016
40285;1;37,53;2018
40545;1;2475,32;2018
40617;1;577,61;2017
40655;1;118,69;2018
41101;1;1657,08;2018
41315;1;2038,05;2018
41324;1;937,74;2017
41393;1;1137,85;2016
41553;1;684,98;2016
41561;1;62,9;2018
41663;1;688,56;2018
42000;1;5813,24;2018
42581;1;479,18;2016
42789;1;9095,96;2017
42857;1;574,14;2017
43034;1;3533,43;2017
43050;1;245,9;2018
43541;1;918,86;2016
43555;1;22,05;2017
43738;1;695,16;2017
44083;1;157,24;2018
44372;1;191,11;2016
44500;1;858,44;2017
44560;1;2103,84;2018
44588;1;927,42;2018
45179;1;766,29;2016
45275;1;1458,63;2017
45308;1;9015,38;2016
45323;1;273,39;2016
45621;1;1762,64;2017
45648;1;906,68;2017
46003;1;19868,26;2017
46059;1;1766,64;2017
46111;1;2078,34;2018
47357;1;306,12;2018
47564;1;555,85;2016
47731;1;613,27;2016
47923;1;1254,59;2017
48113;1;1715,02;2017
48282;1;490,8;2017
48445;1;312,24;2018
48455;1;1514,14;2016
48500;1;472,12;2018
49188;1;1642,84;2016
49554;1;419,32;2016
49585;1;292,08;2018
49628;1;431,14;2018
49867;1;1076,4;2016
49877;1;20,18;2016
50343;1;261,45;2018
50413;1;1655,32;2018
50521;1;1337,8;2018
50613;1;1671,39;2018
50697;1;111,28;2018
50940;1;9654,99;2016
51063;1;1102,16;2016
51341;1;2682,59;2018
51444;2;13186,13;2018
51547;1;172,45;2018
51745;1;57,21;2018
51908;1;355,05;2018
51981;1;8749,79;2017
52246;1;24,52;2017
52657;1;593,41;2016
53273;1;161,01;2016
53642;1;312,15;2016
53701;1;4835,66;2018
53856;1;981,81;2018
53889;1;178,08;2017
54349;1;428,74;2016
54471;1;86,23;2018
54546;1;2413,08;2018
54724;1;276,01;2017
54729;1;1113,78;2017
54828;1;331,31;2016
54912;1;522,84;2018
55060;1;24,52;2017
55168;1;519,93;2018
55192;1;1888,24;2018
55240;1;623,31;2017
55407;2;677,34;2018
55710;1;6390,15;2018
55755;1;110,77;2017
56300;1;304,33;2018
57021;1;1158,11;2017
57047;1;146,28;2016
57108;1;123,44;2018
57337;2;4013,16;2016
57413;1;1621,59;2017
57512;1;565,46;2016
57701;1;35,76;2017
58081;1;228,76;2017
58128;1;76,64;2017
58359;1;1626,29;2018
58368;1;81,75;2017
58580;1;11576,69;2017
58651;1;4807,68;2016
58753;1;79,5;2017
58890;1;260,76;2018
59475;1;9411,45;2017
59614;1;221,79;2016
59730;1;1238,74;2016
60179;1;1727,89;2017
60483;1;585,11;2016
61054;1;653,71;2016
61185;1;749,87;2018
61271;1;1341,58;2016
61454;1;491,03;2017
61605;1;633,45;2016
61742;1;1664,53;2016
61796;1;1054,52;2017
61884;1;552,6;2017
61943;1;3165,6;2016
62137;1;1923,7;2018
62154;1;216,89;2016
62673;1;1161,17;2018
62971;1;1007,6;2018
62989;1;444,82;2017
63039;1;574,94;2018
63050;1;693,2;2017
63062;1;1396,03;2018
63440;1;633,45;2016
63458;1;31,45;2018
63754;1;345,92;2018
64222;1;998,32;2016
64270;1;1195,75;2017
64273;1;896,52;2018
64318;1;623,27;2016
64405;1;233,79;2016
64453;1;819,52;2017
64535;1;945,21;2018
64632;1;339,97;2016
64924;1;741,88;2018
65006;1;24,21;2016
65258;1;233,38;2017
65313;1;1890,24;2018
65332;1;600,24;2016
65455;1;891,45;2018
65502;1;244,09;2016
65525;1;313,34;2016
65559;1;1130,13;2018
65790;1;92,99;2017
66081;1;13152,23;2017
66127;1;75,66;2016
66157;1;1005,59;2018
67194;1;179,49;2016
67280;1;357,96;2017
67472;1;1022,84;2017
67505;1;3217,28;2016
67793;1;2144,06;2017
67989;1;290,81;2017
68132;1;100,88;2016
68601;1;539,85;2017
68822;1;634,54;2016
69388;1;286,5;2016
69403;1;971;2016
69495;1;176,54;2016
69818;1;143,05;2017
69900;1;401,8;2016
70096;1;234;2017
70282;1;587,55;2017
70497;1;332,09;2017
70864;1;579,22;2016
70941;1;234,61;2017
71071;1;2599,5;2018
71381;1;484,67;2017
71385;1;1209,14;2017
71637;1;339,53;2017
72695;1;272,68;2018
72817;1;76,08;2018
73014;1;1971,41;2017
73093;1;1813,32;2016
73637;1;3433,38;2017
73647;1;1258,45;2017
74084;2;2468,48;2016
74450;1;3354,29;2016
74455;1;1184,89;2018
74578;1;337,53;2017
74996;1;291,55;2016
75031;1;51,09;2017
75586;1;1532,73;2017
75745;1;15116,45;2018
75870;1;25,36;2018
76266;1;433,38;2016
76322;1;1012,62;2017
76325;1;355,99;2018
76339;1;4032,41;2016
76605;1;763,67;2018
76709;1;398,51;2017
76961;1;222,76;2017
77094;1;1691,73;2016
77149;1;444,12;2018
77172;1;604,88;2016
77299;1;1132,62;2018
77659;1;24,21;2016
77680;1;502,78;2018
77976;1;82,94;2018
77977;1;959,1;2018
77982;1;491,78;2017
78483;1;55,48;2016
79211;1;286,44;2017
79333;1;8622,88;2017
79392;2;1535,35;2017
79537;1;300,68;2018
79730;1;1557,25;2017
79767;1;502,31;2016
79826;1;640,27;2018
79958;1;345,7;2017
79991;1;24,52;2017
80165;1;746,11;2016
80291;1;998,01;2017
80317;1;1562,23;2018
80373;1;617,48;2017
80514;1;68,47;2018
80695;1;275,32;2018
80906;1;20,44;2017
80923;1;1268,88;2017
80950;1;705,83;2018
80994;1;90,89;2017
81217;1;658,28;2017
81352;1;366,98;2018
81487;1;2454,84;2018
81791;1;517,77;2016
81960;1;683,97;2016
82125;1;657,63;2016
82475;1;892,05;2016
82668;1;536,45;2017
82731;1;423,33;2016
82799;1;2922,19;2017
83076;1;277,42;2016
83725;1;1728,68;2018
84350;1;1567,99;2016
84473;1;315,9;2018
84611;1;1405;2017
84654;1;24,21;2016
84750;1;1639,31;2016
84879;1;3081,29;2017
85032;1;315,74;2017
85107;1;2283,63;2018
85111;1;597,97;2016
85144;1;108,26;2018
85296;1;805,14;2016
85375;1;382,34;2016
85421;1;24,52;2017
86540;1;8272,13;2018
86861;1;204,36;2017
87038;1;699,02;2016
87271;1;24,21;2016
87572;1;1734,14;2016
87579;1;457,09;2016
87678;1;336,82;2017
88143;1;604,18;2016
88399;1;489,27;2016
88677;1;2381,92;2018
88860;1;840,18;2018
89033;1;5269;2016
89309;1;359,99;2018
89642;1;512,27;2016
89821;1;49,05;2017
90115;1;694,43;2017
90488;1;24,35;2018
91111;1;53,95;2017
91866;1;503,74;2018
92078;1;1272,53;2018
92424;1;519,49;2017
92573;1;3902,71;2018
93128;1;305,55;2018
93264;1;2207,96;2017
93350;1;349,96;2016
93669;1;1062,73;2018
94108;1;405,78;2018
94175;1;1396,09;2017
94298;1;1408,35;2018
94315;1;151,15;2017
94428;1;862,27;2018
94442;1;373,26;2016
94443;1;2315,21;2016
94445;1;70,62;2016
94567;1;782,33;2018
94569;1;24,21;2016
94748;1;4267,26;2016
94762;1;1274,82;2017
95229;1;396,56;2018
95833;1;35,51;2018
95964;1;281,46;2016
95997;1;8024,3;2018
96236;1;743,89;2016
96271;1;162,31;2018
96406;1;229;2016
96462;1;2072,77;2016
96513;1;24,35;2018
96516;1;4074,58;2016
96825;1;52,42;2016
96863;1;4436,53;2017
97060;1;906,73;2018
97123;1;1587,9;2017
97415;1;193,12;2017
97491;1;655,08;2018
97524;1;1420,97;2016
97695;2;480,25;2016
98361;1;5444,01;2016
98842;1;461,57;2018
98855;1;5,07;2018
99083;1;11441,9;2016
99085;1;156,13;2017
99311;1;55,18;2017
99368;1;684,98;2016
99414;1;1058,23;2016
99511;1;316,76;2017
99701;1;479,18;2016
99976;1;618,52;2018
100135;1;1739,11;2018
100184;1;1359,49;2018
100243;1;1436,21;2017
100353;1;980,25;2017
100537;1;1642,13;2018
100571;1;115,47;2017
100576;1;250,63;2017
100784;1;1557,94;2016
101002;1;2788,91;2017
101581;1;2201,46;2017
101924;1;1041,75;2016
102025;1;589,79;2018
102065;1;1470,67;2018
102080;1;1064,04;2017
102144;1;674,4;2017
102460;1;651,68;2018
102691;2;3567,15;2018
102863;1;278,82;2017
102980;1;754,59;2016
103155;1;5567,47;2017
103156;1;361,67;2018
103254;1;486,24;2018
103316;1;120,11;2018
103404;1;73,53;2018
103488;1;567,11;2017
103970;1;24,21;2016
104101;1;5070,87;2017
104133;2;1551,14;2016
104170;1;165,35;2018
104387;1;1692,7;2016
104532;1;55,79;2018
104751;1;360,46;2017
104916;1;2008,2;2016
105040;1;1036,97;2016
105103;2;411,18;2017
105208;1;1370,91;2017
105304;1;313,97;2018
105305;1;493,31;2016
105397;1;1414,9;2018
105468;1;386,42;2018
105663;1;54,54;2018
105692;1;6296,48;2017
105844;1;1533,05;2017
106028;1;822,73;2017
106145;1;3083,73;2017
106345;1;1091,32;2017
106540;1;1064,13;2018
106542;1;1684,6;2018
106645;1;86,85;2017
106689;1;3424,74;2018
106751;1;2294,32;2016
106763;1;626,77;2016
107015;1;1034,45;2017
107473;1;424,04;2016
107479;1;7046,56;2016
107813;2;1156,3;2016
107887;1;2417,71;2016
108149;1;162,39;2018
108219;1;196,63;2017
108236;1;3212,12;2018
108531;1;1472,07;2018
108689;1;2108,02;2016
108712;1;1436,96;2017
109135;1;81,41;2016
109530;1;700,03;2016
109690;1;52,42;2016
109864;1;14205,68;2018
109896;1;258,12;2018
110211;1;938,36;2017
110237;1;182,5;2017
110264;1;75,66;2016
110345;1;1356,03;2016
110365;1;2020,76;2018
110373;1;1675,47;2017
110424;1;24,21;2016
110727;1;114,65;2017
110817;1;314,67;2016
111104;1;920,25;2017
111272;1;2710,19;2017
111320;1;431,69;2016
111607;1;76,08;2018
111762;1;277,42;2016
111940;1;229,93;2016
112120;1;2997,34;2016
112346;1;704,65;2017
112625;1;701,36;2018
112630;1;1087,38;2018
112687;1;1381,23;2017
113163;1;394,76;2018
113567;1;410,77;2017
113672;1;590,35;2017
113981;2;1924,7;2018
114207;1;1030;2018
114312;1;288,52;2016
114980;2;231,34;2017
115012;1;79,65;2018
115099;1;1282,89;2018
115106;1;231,02;2016
115173;1;5150,84;2017
115327;1;1455,58;2017
115723;1;2221,61;2016
115769;1;998,46;2018
116101;1;101,39;2018
116179;1;1301,97;2018
116183;1;276,22;2017
116251;1;561,87;2016
116545;1;24,52;2017
116909;1;457,42;2018
117628;1;2619,21;2017
117704;1;1277,6;2017
117869;1;24,21;2016
118257;1;8982,21;2017
118396;2;90,29;2018
118495;1;231,06;2018
118543;1;233,32;2018
118709;1;20,18;2016
118750;1;731,61;2018
119384;1;8317,18;2018
119553;1;1284,09;2018
119567;1;24,52;2017
120036;1;24,35;2018
120111;1;5689,99;2017
120214;1;263,02;2017
120761;1;681,7;2018
120847;1;281,46;2016
120871;1;25,22;2016
121193;1;24,21;2016
121228;1;116,66;2018
121302;1;1462,06;2018
121329;1;3869,01;2017
121390;1;117,99;2016
121716;1;206,4;2016
122191;1;3749,77;2017
122211;1;893,82;2016
122317;1;250,1;2016
122670;1;24,52;2017
122809;1;183,41;2018
123228;1;420,25;2017
123504;1;86,23;2018
123896;1;302,24;2016
123943;1;57,51;2017
124291;1;105,92;2016
124370;1;679,44;2018
124517;1;695,16;2017
124699;1;385,28;2016
124922;1;288,15;2017
125129;1;355,39;2017
125266;1;893,44;2016
125564;1;285,7;2017
125925;1;269,76;2017
126055;1;337,53;2017
126076;1;1618,05;2016
126120;1;370,2;2017
126139;1;5976,02;2018
126171;1;2050,93;2017
126567;1;7333,06;2017
126611;1;598,84;2018
126693;1;400,46;2016
126701;1;1705,68;2018
127136;1;1447,42;2018
127276;1;3539,91;2016
127555;1;21,27;2016
128183;1;509,86;2018
128206;1;198,95;2016
128538;1;1277,15;2017
128540;1;1384,08;2016
128936;1;358,55;2016
129012;2;554,24;2016
129137;1;893,4;2017
129378;1;292,16;2018
129674;2;2617,19;2016
129770;1;320,62;2016
129992;1;1547,81;2018
130181;1;499,21;2018
130421;1;66,01;2016
130517;1;301,63;2016
130574;1;892,54;2018
130615;1;268,74;2017
130913;1;474,43;2018
131001;1;4510,48;2018
131637;1;136,19;2016
131789;1;844,46;2017
131904;1;219,12;2018
132126;1;208,04;2018
132211;1;98,78;2016
132291;1;996,27;2017
132445;1;2129,61;2018
132573;1;1034,04;2017
132639;1;155,68;2016
132914;1;2336,07;2017
132950;1;173,38;2018
133289;1;1648,45;2016
133840;1;6308,28;2017
133978;1;262,83;2016
134454;1;233,4;2018
134519;1;1014,1;2018
134804;1;1578,87;2018
134835;1;1966,71;2016
134875;1;131,87;2018
135044;1;2569,25;2016
135089;1;1454,1;2016
135095;1;543,13;2018
135192;1;1230,68;2017
135234;1;4646,53;2016
135529;1;2477,36;2017
135732;1;1143,47;2018
135842;1;576,2;2018
135974;1;24,35;2018
136091;1;2342,14;2018
136357;1;1133,36;2017
136367;1;812,67;2017
136479;1;75,66;2016
136550;1;409,59;2018
136841;1;1774,49;2016
136967;1;1045,73;2017
137011;1;444,39;2017
137477;1;3002,48;2017
137665;1;93,73;2018
137844;1;382,94;2016
138020;1;1171,68;2018
138115;1;8741,8;2018
138739;1;224,65;2017
138990;1;24,52;2017
139119;1;306,68;2016
139527;1;199,64;2016
139590;1;975,44;2017
140112;1;65,71;2018
140332;1;148,49;2017
140421;1;1369,88;2016
140524;1;1180,31;2017
140842;1;10660,79;2018
140941;1;2002,88;2018
141202;1;1116,67;2016
141209;1;405,86;2018
141260;1;492,9;2016
141345;1;1269,02;2018
141433;1;1778,26;2016
141732;1;460,57;2017
141937;1;91,96;2017
141946;1;195,19;2016
141993;1;59,99;2017
142183;1;202,73;2017
142253;1;21466,47;2018
142490;1;2525,88;2018
142549;1;121,48;2018
142828;1;86,85;2017
142889;1;83,05;2017
142901;1;1980,91;2018
143857;1;6565,53;2016
143982;1;861,19;2017
144437;1;6483,18;2016
144862;1;1967,99;2016
145089;1;86,23;2018
145123;1;1609,87;2017
145222;1;1256,08;2016
145276;1;363,77;2017
145607;1;353,55;2017
145762;1;204,19;2018
146000;1;34,82;2018
146161;1;1377,07;2017
146670;1;669,33;2017
146782;1;235,35;2017
146840;1;180,86;2017
147286;1;1479,88;2017
147488;1;536,56;2016
148203;1;684,98;2016
148359;1;77,53;2016
148360;1;3496,71;2018
148796;2;2463,15;2017
148799;1;661,3;2016
148855;1;153,27;2017
149036;1;3116,87;2017
149048;1;2822,17;2018
149090;1;355,05;2018
149094;1;286,44;2017
149096;1;386,04;2017
149121;1;983,59;2016
149268;1;143,97;2017
149422;1;1158,58;2018
149429;1;484,75;2017
150094;1;455,5;2016
150100;1;66,07;2016
150163;1;1513,21;2016
150333;1;24,21;2016
150379;1;321,87;2017
150455;1;335,56;2017
151090;1;4473,12;2017
151099;1;846,66;2018
151149;1;585,31;2016
151304;1;1270,86;2016
151313;1;293,56;2016
151317;1;895,82;2016
151472;1;582,21;2018
151503;1;2136,93;2018
151660;1;1296,21;2018
151755;1;204,69;2017
151870;1;8294,22;2016
152531;1;235,35;2017
152749;1;1713,55;2017
152928;1;20,05;2016
152936;1;210,78;2017
153041;2;1123,81;2016
153459;2;1466,61;2016
153796;1;237,96;2016
153869;1;592,98;2017
153940;1;164,1;2018
154065;1;2834,64;2016
154092;1;152,17;2018
154166;1;54,57;2017
154892;1;684,98;2016
155182;1;1744,23;2016
155422;1;379,4;2018
155793;1;192,52;2018
155819;1;87,28;2017
156050;1;91,96;2017
156167;1;412,6;2016
156786;2;818,41;2018
156836;1;1639,31;2016
157113;1;295,69;2018
157279;1;383,18;2017
157631;1;30,26;2016
158428;1;702,03;2018
158440;1;437,75;2017
158511;1;84,54;2016
158728;1;209,08;2018
159183;1;1986,24;2016
159225;1;684,75;2018
159373;1;54,78;2016
159392;1;11862,43;2018
159523;1;203,66;2018
159602;1;1883,05;2016
159605;1;2882,12;2016
159633;1;475,47;2017
159681;1;24,35;2018
160369;1;188;2018
160531;1;47,43;2016
160578;1;24,21;2016
160695;1;1138,94;2016
160775;1;553,84;2016
160965;1;2968,96;2018
161017;1;411,1;2017
161040;1;54,48;2016
161330;1;1983,32;2016
161607;2;244,54;2017
161721;1;225,81;2018
162072;1;25,36;2018
162441;1;75,84;2018
162503;1;2564,09;2017
162510;1;424,95;2016
162741;1;597,26;2018
163088;1;6279;2018
163528;1;3785,69;2016
163792;1;8917,79;2017
163852;1;212,95;2017
163875;1;1714,76;2017
163949;1;350,89;2018
164161;1;4156,59;2016
164270;1;24,52;2017
164290;1;652,49;2018
164892;1;1023,9;2016
165114;1;1124,51;2016
165320;1;1023,8;2018
165435;1;2904,09;2017
165438;1;23472,51;2018
165586;1;258,68;2018
165765;1;1005,53;2017
166453;1;24,52;2017
166534;1;432,78;2016
166539;2;647,72;2018
166797;1;455,24;2018
167118;1;340,59;2017
167432;1;1117,53;2017
167538;1;132,84;2017
167555;1;337,2;2017
167598;1;1327,21;2018
167638;1;5556,47;2017
167868;1;235,35;2017
168136;1;24,21;2016
168378;1;142,44;2016
168595;1;524,92;2017
168930;1;3762,68;2017
168996;1;6285,78;2016
169039;1;536,45;2017
169572;1;857,31;2017
169651;1;4542,25;2017
169896;1;2773,65;2017
169929;1;2524,86;2017
169996;1;4879,12;2018
170038;1;231,08;2018
170063;1;915,67;2018
170670;1;353,08;2016
170934;1;627,1;2016
171182;1;436,53;2018
171239;1;106,52;2018
171244;1;101,44;2018
171425;1;1343,08;2017
171469;1;2606,29;2017
171588;1;349,7;2018
171607;1;402,16;2017
171797;1;83,18;2018
172028;1;1911,13;2017
173031;1;2283,9;2016
173482;1;202,12;2017
173527;1;1703,07;2018
173572;1;6286,6;2017
173725;1;82,58;2018
173809;1;2925,41;2017
173819;1;1828,09;2017
173934;1;1552,5;2018
174230;1;4380,09;2018
174423;1;24,52;2017
174527;1;6133,97;2017
174711;1;286,44;2017
174732;1;12249,83;2016
174740;1;592,13;2016
174782;1;941,8;2018
175388;1;626,42;2018
175628;1;24,52;2017
175743;1;487,94;2018
175914;1;105,92;2016
175923;1;482,09;2016
176186;1;1149,55;2017
176261;1;1017,89;2016
176347;1;2946,92;2017
176368;1;1504,49;2018
176434;1;687,55;2018
176535;1;53,95;2017
176562;1;2959,77;2016
176834;1;575,78;2017
177182;1;390,22;2018
177238;1;1864,69;2016
177324;1;301,63;2016
177623;1;381,25;2016
177663;1;305,01;2017
177749;1;2533,5;2016
178014;1;2833,33;2018
178411;1;682,37;2017
178424;1;585,37;2018
178614;1;587,55;2017
178710;1;107,29;2017
178745;1;1347,99;2018
178950;1;1447,92;2018
179189;1;1705,19;2018
179466;1;267,7;2018
179575;1;1376,83;2016
179669;1;483,58;2018
180099;1;1147,25;2018
180489;1;24,21;2016
180562;1;85,75;2016
180617;1;2200,47;2018
181119;1;2419,19;2018
181260;1;1450,65;2018
181289;1;54,48;2016
181485;1;412,88;2018
181534;2;442,32;2016
182029;1;3552,25;2017
182078;1;280,37;2016
182665;1;1215,79;2017
182714;1;24,21;2016
182923;1;847,49;2017
183173;1;1393,17;2017
183432;1;71,82;2018
183535;1;132,89;2018
183578;1;214;2018
183936;1;163,43;2016
183962;1;24,52;2017
184265;1;147,09;2018
184315;1;1196,04;2017
184339;1;504,63;2018
185285;1;1268,57;2017
185485;1;415,59;2016
185501;1;1787,56;2018
185630;1;9108,08;2017
185667;1;1365,2;2016
186034;1;1676,44;2016
186049;1;2946,24;2016
186188;1;840,75;2017
186650;1;1311,56;2017
186704;1;1247,95;2016
186853;1;118,53;2017
186890;1;4886,97;2017
186918;1;182,29;2017
187095;1;463,21;2016
187230;1;24,52;2017
187553;1;464,25;2016
187949;1;575,18;2017
188403;1;177,53;2018
188763;1;153,6;2017
188870;1;241,71;2016
188961;1;278,31;2016
188970;1;1150,78;2018
189133;1;226,98;2016
189671;1;1850,15;2016
189870;1;1071,79;2016
190435;1;7094,38;2018
190439;1;605,12;2017
190850;1;509,25;2018
190933;1;1104,95;2016
191255;1;317,77;2016
191415;1;174,48;2018
192104;1;552,11;2017
192134;1;1797,57;2018
192157;2;2352,02;2017
192186;1;50,72;2018
192632;1;4185,24;2016
192845;1;800,97;2016
192884;3;2582,78;2017
192900;1;1746,19;2016
192922;1;167,38;2018
192934;1;1715,02;2017
193057;1;159,27;2018
193904;1;475,47;2017
194132;1;13337,92;2016
194240;1;992,12;2018
194452;1;329,77;2018
194808;1;776,91;2017
194825;1;57,11;2018
194845;1;52,42;2016
195095;1;102,86;2018
195206;1;659,82;2017
195564;1;220,13;2018
195625;1;680,95;2016
195765;1;24,21;2016
195876;1;74,65;2016
196001;1;3687,6;2018
196512;1;455,21;2016
196666;1;605,84;2017
196751;1;1400,22;2017
196835;1;325,64;2016
197246;1;341,99;2016
197509;1;301,63;2016
197523;1;11490,5;2017
197657;1;559,48;2016
197716;1;150,92;2016
197877;1;399,91;2017
198441;1;164,44;2016
198704;1;209,75;2016
198744;1;8460,75;2018
199116;1;33089,12;2017
199379;1;24,52;2017
199457;1;488,35;2018
199664;1;386,86;2017
199694;1;347,64;2017
199828;1;563,01;2018
200149;1;53,95;2017
200513;1;24,21;2016
200537;1;913,63;2016
200647;1;1563,71;2017
200724;1;1848,47;2017
200776;1;4908,99;2018
201043;1;143,05;2017
201193;1;5300,41;2017
201400;1;57,51;2017
201709;1;3056,87;2017
202297;1;438,36;2017
202608;1;233,32;2018
203307;1;53,39;2016
203401;1;888,56;2016
203812;1;1049,16;2016
204108;1;1995,61;2017
204129;2;5771,19;2016
204169;1;8431,34;2016
204320;1;962,83;2016
204443;1;2153,49;2018
204578;1;114;2016
204617;1;11794,59;2018
204810;1;6051;2017
204930;1;3027,56;2018
204941;1;1257,13;2017
205452;1;497,07;2018
205713;1;3962,57;2018
206335;1;834,24;2016
206570;1;333,93;2017
206598;1;400,5;2016
206770;1;2702,98;2017
206890;1;1470,77;2016
207347;1;324,23;2016
207465;1;4862,45;2016
207520;1;3902,02;2017
207534;1;539,71;2016
207548;1;4887,03;2017
208161;1;1132,58;2017
208659;1;2044,05;2018
208885;1;1681,89;2017
209071;1;4519,74;2016
209277;1;804,58;2018
209471;1;375,21;2017
209541;1;363,65;2018
209582;1;82,09;2018
209693;1;695,16;2017
209848;1;709,19;2016
209856;1;1794,67;2016
209945;1;1345,95;2016
210645;1;127,73;2017
210692;1;239,58;2017
210819;1;1094,16;2018
210900;1;877,18;2016
211141;1;1472,15;2017
211152;1;1051,24;2016
211262;1;416,24;2018
211791;1;7339,95;2017
211811;1;370,27;2018
211823;1;175,98;2017
211944;1;1070,87;2017
212057;1;8413,47;2016
212225;1;245,06;2016
212380;1;113,91;2016
212703;1;2656,43;2017
212843;1;792,83;2017
213452;1;279,4;2016
213726;1;412,88;2018
214311;1;7290,65;2016
214496;1;437,14;2018
214587;1;473,94;2017
214710;1;1273,63;2018
215073;1;3994,28;2017
215241;1;24,52;2017
215674;1;1665,15;2017
215716;1;3662,53;2017
215806;1;485,36;2017
216078;1;3240,72;2018
216255;1;765,9;2018
216260;1;350,89;2017
216805;1;2901,25;2018
216936;1;1605,3;2018
216957;1;448,23;2016
217120;1;24,35;2018
217252;1;9275,63;2018
217283;1;743,99;2018
217353;1;1161,05;2016
217462;1;1655,24;2017
217808;1;418,95;2017
217997;1;581,52;2017
218190;1;1046,28;2018
218191;1;50,72;2018
218195;1;1609,93;2017
218280;1;3056,49;2016
218410;1;495,63;2016
218535;1;758,52;2017
218793;1;563,31;2017
218796;1;6526,18;2016
218994;1;1461,2;2017
219225;1;380,41;2018
219365;1;6584,12;2016
219487;1;539,76;2018
219646;1;15,22;2018
219700;1;241,86;2016
219817;1;900,78;2016
219828;1;1836,57;2018
220062;1;3288,33;2017
220070;1;3824,7;2018
220148;1;214,91;2017
220443;1;66,42;2017
220505;2;4744,36;2018
220540;1;2537,15;2016
220813;1;306,87;2017
221387;1;704,03;2017
221407;1;2007,79;2017
221923;1;183,52;2018
222280;1;3774,27;2016
222595;1;345,01;2016
222840;1;374,37;2018
222889;1;365,49;2016
223334;1;664,18;2017
223371;1;592,98;2017
223481;1;370,19;2016
223835;1;24,21;2016
224371;1;332,09;2017
224385;1;620,04;2017
224521;1;658,55;2016
224705;1;91,96;2017
225027;1;24,35;2018
225221;1;1456,09;2017
225228;1;263,71;2017
225395;1;2669,72;2016
225403;1;295,49;2018
225581;1;20,18;2016
225827;1;1520,38;2018
225858;1;1278,16;2016
226657;1;1229,42;2018
226890;1;2808,61;2016
227452;1;1894,77;2018
227878;1;206,81;2016
227901;1;2874,18;2018
227970;1;798,88;2017
228020;1;863,5;2016
228067;1;476,87;2018
228226;1;712,22;2018
228315;1;780,46;2017
228558;1;190,77;2018
228726;1;1405,86;2017
228751;1;336,18;2016
228843;1;5001,4;2017
228972;1;793,75;2017
229352;1;3826,41;2016
229408;1;270,78;2017
229452;1;4684,81;2017
229521;1;584,1;2016
229620;1;1258,91;2016
229685;1;735,47;2018
229808;1;310,31;2016
230349;1;1480,43;2018
230603;1;286,44;2017
230926;1;1578,38;2018
231064;1;419,79;2017
231344;1;1124,33;2017
231348;1;598,05;2017
231512;1;1422,81;2018
231574;1;1393,59;2018
231759;2;630,53;2018
231857;1;157,25;2018
231946;1;460,98;2016
231962;2;6617,86;2018
232004;1;378,3;2016
232307;1;3198,99;2016
232395;1;692,53;2017
233005;1;627,33;2018
233058;1;10350,68;2017
233092;1;1082,8;2017
233317;1;528,18;2017
233483;1;89,41;2017
233871;2;155,06;2016
233952;1;1110,97;2017
234126;1;105,92;2016
234607;1;1331,73;2016
235784;1;1669,89;2017
235853;1;282,78;2018
235865;1;161,01;2016
236407;1;563,16;2016
236729;1;993,46;2018
236794;1;77,25;2016
236828;1;919,49;2018
236920;1;24,21;2016
237296;1;1931,65;2016
237461;1;735,47;2018
237696;1;2943,66;2016
237816;1;302,64;2016
237909;1;708,38;2016
238058;1;659,07;2017
238138;1;130,14;2016
238213;1;3535,84;2017
238304;1;238,08;2017
238452;1;3293,03;2017
238583;1;24,21;2016
238666;1;2007,07;2018
238686;1;14,2;2018
238811;1;2716,85;2017
239250;1;354,37;2017
239287;1;1551,54;2018
239337;1;250,67;2018
239668;1;676,39;2018
239691;1;24,52;2017
239706;1;4245,33;2017
239755;1;140,22;2016
239762;1;732,19;2016
239836;1;1050,09;2018
239924;1;1945,99;2016
240173;1;14287,14;2016
240777;1;279,36;2016
240886;1;266,55;2018
241340;1;292,16;2018
241666;1;634,02;2018
241707;1;448,52;2016
241829;1;161,41;2016
241975;1;218,35;2017
242111;1;654,39;2018
242357;1;226,98;2016
242743;1;164,8;2017
242788;1;396,87;2017
242794;1;2157,56;2018
242960;1;385,42;2018
243311;1;9512,05;2016
243413;1;3414,81;2016
243422;1;4787,6;2016
243528;1;1705,68;2018
243580;1;1704,58;2018
243593;2;711,21;2016
243642;1;324,62;2018
243662;1;1566,1;2017
243770;1;125,39;2016
243814;1;233,24;2018
244128;1;3277,99;2017
244577;1;556,79;2017
244698;1;71,01;2018
244838;1;517,77;2018
244982;1;122,06;2017
245001;1;5295,86;2018
245090;1;154,19;2018
245134;1;522,86;2018
245179;1;1653,53;2018
245265;1;100,48;2016
245434;1;334,92;2016
246182;1;782,8;2018
246236;2;476,16;2016
246754;1;241,24;2016
246893;1;1451,33;2016
247051;1;1103,43;2016
247420;1;2564,09;2016
247527;2;1493,45;2017
247829;1;474,55;2018
247900;1;1017,12;2017
248151;1;510,91;2017
248269;1;734,21;2018
248387;1;1715,02;2017
248767;1;1895,29;2017
249689;1;263,75;2018
250412;1;1146,64;2018
250529;1;310,63;2016
250776;1;1169,81;2016
251052;1;5018,47;2018
251275;2;7375,82;2017
251348;1;3138,99;2017
251410;1;7540,54;2018
252231;1;141,34;2018
252305;2;2206,95;2017
252864;1;413,69;2018
253067;1;250,1;2016
253141;1;153,27;2017
253530;1;1196,41;2016
253532;1;462,64;2016
253577;1;1143,15;2018
253911;1;5629,47;2017
253963;1;531,6;2016
254271;1;3468,71;2016
254362;1;70,62;2016
254909;1;2582,8;2016
255137;1;330,81;2016
255324;1;1344,13;2018
255500;1;444,2;2016
255530;1;1148,1;2018
255677;1;353,1;2017
255791;1;405,62;2017
255863;1;327,86;2016
255947;1;1332,47;2018
256376;1;223,18;2018
256479;1;2129,11;2016
256585;1;1475,79;2016
256601;1;121,73;2018
256630;1;94,31;2017
256748;1;249,48;2017
256809;1;738,92;2018
256879;1;1594,24;2016
256939;1;4770,35;2016
256964;1;1046,29;2017
257366;1;625,46;2016
257809;1;756,96;2016
257942;1;315,13;2017
258095;1;24,52;2017
258268;1;152,17;2018
258489;1;677,78;2017
259171;1;688,56;2018
259248;1;431,14;2018
259285;1;2848,64;2018
259428;1;856,07;2016
259636;1;24,52;2017
259746;1;846,35;2018
260023;1;5,11;2017
260181;1;512,47;2016
260703;1;317,52;2018
260981;2;5358,94;2017
261226;1;230,28;2018
261581;1;80,11;2017
261672;1;3826,12;2017
261690;1;420,25;2017
262420;1;618,29;2018
262484;1;690,14;2018
262556;1;789,65;2016
263167;1;59,85;2018
263675;1;2469,45;2016
263682;1;55,88;2018
263823;1;6391,35;2018
263884;1;561,98;2018
263890;1;832,77;2018
264049;1;780,82;2016
264127;1;24,52;2017
264429;1;322,56;2016
265488;1;1895,76;2017
265521;1;1662,78;2018
265713;1;442,36;2016
265909;1;475,89;2018
266406;1;8087,23;2017
266708;1;54,57;2017
266803;1;2136,92;2016
266838;1;65,94;2018
266912;1;161,45;2017
267733;1;286,44;2017
267809;1;634,54;2016
267838;1;61,31;2017
267886;1;234,74;2018
267940;1;986,01;2018
268105;1;352,07;2016
268480;1;55,64;2018
268800;1;190,66;2016
269100;1;527,56;2017
269194;1;1288,21;2016
269348;1;184,02;2018
269525;1;441,05;2016
269623;1;1509,24;2016
269865;2;49,04;2017
270052;1;1466,58;2016
270203;1;724,78;2016
270246;1;1335,52;2017
270728;1;149,06;2017
270763;1;278,28;2018
271372;1;749,91;2018
271796;1;24,52;2017
271933;1;67,97;2018
272266;1;639,18;2016
272547;1;681,83;2016
272803;1;7652,41;2016
272810;1;519,54;2016
272887;1;153,1;2018
272905;1;28743,2;2018
273057;1;586,01;2017
273063;2;204,79;2016
273157;1;1340,64;2018
273164;1;24,52;2017
273581;1;1163,85;2017
273709;1;532,65;2016
273766;2;422,7;2016
273851;1;500;2017
273993;1;176,66;2017
274289;1;24,52;2017
274572;1;77,69;2018
274714;1;24,52;2017
274726;1;781,74;2017
275461;1;1484,05;2017
275749;1;3446,34;2017
275918;1;469,34;2018
276026;1;243,04;2016
276072;1;284,37;2018
276271;1;833,47;2018
276377;1;127,73;2017
276970;1;106,52;2018
276981;1;235,11;2018
277808;1;583,74;2017
278108;1;5039,58;2018
278292;1;24,21;2016
278403;1;1538,15;2016
278445;1;1185,4;2016
278896;1;2640,05;2016
278963;1;1447,2;2017
279240;1;25,36;2018
279573;1;776,76;2018
280185;1;245;2016
280432;1;228,25;2018
280655;1;710,2;2016
280796;1;460,98;2016
281008;1;117,84;2017
281043;1;225,13;2017
281139;1;958,09;2017
281616;1;531,29;2016
281662;1;5156,1;2018
282054;1;3206,75;2017
282112;1;2437,8;2017
282174;1;3562,1;2016
282399;1;1487,69;2017
282689;1;87,77;2016
283186;1;1052,46;2017
283458;2;208,78;2016
283530;1;2441,3;2018
283556;1;1897;2018
283787;1;812,85;2018
283973;1;11221,75;2018
284021;2;3043,53;2018
284106;1;79,5;2017
284204;1;322,42;2016
284243;1;2759,62;2016
284378;1;7066,99;2017
284486;1;927,61;2017
284754;1;295,61;2018
284910;1;330,71;2018
285100;1;94,14;2018
285169;1;1379,78;2017
285198;1;724,26;2017
285279;1;3912,87;2016
285350;1;24,52;2017
285373;1;625,66;2018
285465;1;2105,46;2016
285631;1;696,08;2016
285809;1;382,94;2016
286051;1;221,53;2016
286387;1;4938,79;2018
286495;1;6953,16;2018
286760;1;2554,61;2016
286933;1;16703,33;2018
287165;1;2687,92;2017
287493;1;520,41;2018
287618;1;193,13;2017
287735;1;9725,31;2016
288048;1;529,37;2018
288116;1;2987,43;2018
288138;1;389,6;2017
288185;1;324,94;2017
288240;1;4564,15;2017
288327;1;689,9;2018
288480;1;91,96;2017
288615;1;125,73;2017
288670;1;24,21;2016
288804;1;168,07;2016
289645;1;1360,1;2016
289687;2;48,7;2018
289912;1;2429,58;2018
289956;1;1713,68;2017
289959;1;1504,84;2018
290282;1;274,86;2018
290514;1;1914,19;2017
290536;1;5193;2018
290641;1;1600,47;2016
291170;1;1324,95;2017
291237;1;420,25;2017
291711;1;467,57;2018
292028;1;740,62;2018
292190;1;1416,06;2016
292211;1;438,97;2017
292474;1;1071,27;2017
292576;1;306,87;2017
292699;1;4216,92;2018
292702;1;6318,74;2017
293313;1;56,76;2018
293396;1;394,27;2017
293748;1;1161,53;2018
293749;1;506,42;2016
293805;1;24,52;2017
294097;1;9385,93;2017
294219;1;105,92;2016
294317;1;483,22;2016
294366;1;408,67;2016
294764;1;3021,11;2017
294838;1;5542,25;2018
295109;1;335,56;2017
295346;1;740,84;2017
295613;1;388,62;2017
296035;1;589,79;2018
296329;1;731,84;2017
296377;1;456,99;2016
296750;1;1494,02;2018
296756;1;843,4;2018
297494;1;734,37;2016
297590;1;4981,04;2017
297647;1;550,76;2017
298008;1;723,43;2016
298050;1;517,53;2016
298114;1;1387,11;2016
298288;1;414,47;2016
298368;1;6422,31;2018
298767;1;914,46;2018
298993;1;5630;2016
299037;1;934,28;2018
299222;1;334,95;2017
299247;1;674,89;2016
299277;1;1057,26;2016
299481;1;402,23;2016
299900;1;3318,95;2018
300136;1;5400,14;2017
300305;1;1102,29;2016
300363;1;280,92;2017
300412;1;153,59;2018
300634;1;837,86;2017
301080;1;1542,64;2017
301189;1;881,42;2017
301218;1;766,29;2016
301298;1;756,97;2018
301416;1;685,59;2016
301430;1;1135,85;2017
301692;1;630,5;2016
301727;1;201,76;2016
301740;1;1635,25;2016
302045;1;181,32;2017
302134;1;723,6;2018
302884;1;4310,96;2016
302908;1;2063,66;2017
302990;1;1649,21;2017
303132;1;148,49;2017
303189;1;1734,84;2017
303298;1;396,18;2016
303468;1;79,63;2018
303485;1;733,2;2018
303557;1;95,84;2016
303989;1;1185,44;2018
304292;1;362,16;2016
304315;1;846,24;2016
304360;1;827,96;2017
304685;1;16,71;2017
304686;1;57,21;2018
304726;1;1704,34;2018
304870;1;1694,39;2016
305164;1;593,85;2018
305174;1;923,46;2017
305307;1;54,48;2016
305655;1;312,07;2018
306266;1;1340,71;2016
306348;1;311,98;2017
306358;1;392,28;2018
306485;1;412,75;2018
306656;1;280,39;2018
306703;2;418,97;2018
306706;1;1208,21;2016
306712;1;421,49;2018
307676;1;2708,63;2017
307829;1;626,48;2017
308039;1;215,13;2016
308098;2;1878,27;2018
308182;1;2622,13;2018
308470;1;24,52;2017
308500;1;209,8;2017
308626;1;12654,47;2017
308686;1;828,15;2016
308836;1;347,12;2016
308861;1;391,15;2017
309327;1;1917,42;2018
309330;1;430,96;2016
309368;1;630,5;2016
309408;1;76,08;2018
309411;1;3729,35;2018
309695;1;163,49;2017
309750;1;1135,57;2017
310138;1;160,02;2017
310249;1;2028,77;2018
310278;1;681,88;2017
310493;1;678,79;2017
310510;1;160,28;2018
310519;1;787,61;2017
310855;1;640,03;2018
310856;1;967,45;2016
310906;1;250,59;2016
311057;1;985,89;2018
311308;1;391,98;2018
311855;1;2193,01;2018
311948;1;295,58;2016
311955;1;960,43;2018
311978;1;35,31;2016
312007;1;1032,58;2017
312042;1;5184,81;2017
312181;1;54,57;2017
312292;1;439,71;2017
312341;1;1208,04;2016
312642;1;2077,35;2017
312765;1;225,97;2016
312994;1;319,39;2016
313525;1;311,98;2017
313685;1;1098,19;2016
313824;1;854,65;2017
313959;1;438,97;2017
314075;1;24,35;2018
314284;1;280,37;2016
314343;1;80,7;2016
314380;1;810,84;2016
314402;1;255,23;2016
314576;1;1768,36;2017
314697;1;318,29;2018
314947;1;4530,16;2016
316664;1;361,05;2016
316709;1;5139,29;2017
316810;1;1704,58;2018
317197;1;143,05;2017
317213;1;1714,41;2017
317247;1;52,42;2016
317249;1;762,94;2018
317376;1;289,21;2017
317477;1;13972,2;2016
317660;1;730,92;2018
317695;1;3067,38;2017
317718;1;894,09;2017
317994;1;467,94;2018
318066;1;952,01;2017
318489;1;5332,55;2018
318576;1;1266,98;2016
318584;1;858,41;2016
319015;1;128,73;2018
319314;1;278,97;2018
319608;1;1149,96;2017
319626;1;523,58;2017
319651;1;50,44;2016
319692;1;2047,44;2017
319819;1;315,13;2017
320332;1;10612,54;2017
320351;1;100,19;2018
320683;1;235,35;2017
321164;1;712,22;2016
321405;1;545,14;2017
321664;1;325,84;2016
321944;1;445,3;2018
322023;2;2519,43;2018
322289;1;1465,05;2017
322561;1;888,03;2017
322769;1;1973,67;2016
322869;1;1010,44;2016
322877;1;24,52;2017
322974;1;332,42;2017
323058;1;8826,63;2017
323168;1;1578,38;2018
323573;1;1658,69;2018
323691;2;189,04;2018
323829;1;734,69;2018
324193;1;219,69;2017
324208;1;2489,03;2017
324216;1;904,28;2018
324226;1;5108,6;2018
324348;1;126,8;2018
324455;1;1045,2;2018
324584;1;252,2;2016
324699;1;160,4;2016
324722;1;103;2017
324866;1;2856,69;2016
324979;1;3133,06;2018
325058;1;291,83;2017
325580;1;2772,93;2016
325691;1;587,87;2017
325883;1;178,56;2016
325913;2;10831,08;2016
326177;1;1755,34;2017
326206;1;882,82;2018
326270;1;216,89;2016
326323;1;3556,32;2018
326590;1;2707,64;2016
326679;1;77,68;2016
326693;1;489,97;2018
326766;1;411,79;2017
326792;1;177,53;2018
327258;1;399,92;2016
328441;1;831,71;2017
328653;1;634,96;2018
328659;1;24,21;2016
328869;1;1223,64;2016
328885;1;56,73;2018
328924;1;37,81;2017
329036;1;86,23;2018
329511;1;24,35;2018
329606;1;1152,31;2018
329812;1;181,18;2016
329833;1;160,4;2016
329922;1;213,35;2018
330262;1;786,66;2018
330706;1;7741,82;2018
331233;2;2027,87;2016
331271;1;393,4;2017
331322;1;66,26;2018
331795;1;1808,38;2018
331973;2;1823,92;2016
332108;1;226,98;2016
332183;1;46,66;2018
332305;1;18795,56;2017
332478;1;4597,74;2016
332511;1;464,23;2017
332589;1;365,88;2016
332722;1;1369,44;2017
332887;1;40,35;2016
333082;1;1119,34;2017
333160;1;24,52;2017
333166;1;1212,33;2018
333203;1;6732,5;2017
333317;1;228,89;2017
333501;1;2423,63;2018
333866;1;21,72;2017
333892;1;213,03;2018
333939;1;949,43;2018
333948;1;204,83;2017
334572;1;116,49;2017
334732;1;596,25;2018
334802;1;1185;2016
335193;1;45,65;2018
335270;1;1586,68;2017
335365;1;520,74;2018
335366;1;2461,85;2016
335440;1;1183,27;2017
335499;1;721,83;2017
335688;1;52,42;2016
335710;1;469,4;2018
335784;1;1265;2018
335844;1;45,4;2016
336129;1;638,64;2017
336691;1;1624,12;2018
336767;1;194,53;2018
336826;1;1582,11;2016
337029;2;166,91;2018
337210;1;277,62;2016
337660;1;63,55;2016
337985;1;334,85;2018
338215;1;4665,04;2016
338362;1;1326,73;2017
338473;1;877,49;2018
338541;1;637,09;2018
338668;1;9673,68;2016
339060;1;1270,09;2016
339331;1;330,81;2016
339636;1;57,51;2017
339720;1;14086,39;2016
339890;1;15,22;2018
340254;1;1093,44;2016
340624;1;24,21;2016
341071;1;63,47;2016
341409;1;692,59;2017
341442;1;213,03;2018
341485;1;3309,36;2018
341512;1;218,1;2018
342470;1;1589,25;2017
342558;1;436,29;2018
342742;1;308,15;2018
342928;1;205,8;2016
343273;1;24,35;2018
343294;1;53,97;2018
343320;1;387,26;2016
343574;1;1223,64;2016
343994;1;443,88;2016
344030;1;6336,09;2017
344223;1;1955,07;2016
344388;1;294,27;2018
344416;1;1165,77;2017
344475;1;496,87;2017
344564;1;1716,98;2017
344588;1;1040,27;2017
344614;2;1112,03;2017
344818;1;90,79;2016
345051;1;4994,48;2018
345524;1;57,5;2016
345607;1;951,93;2017
345612;1;265,2;2016
345654;1;849,44;2016
345774;1;1598,51;2017
345800;1;488,84;2017
345919;1;486,77;2016
346023;1;1995,28;2017
346165;1;792,68;2018
346255;1;638,64;2017
346288;1;4250,29;2018
346392;1;793,65;2016
346658;1;2480,66;2016
346976;1;437,14;2018
347108;1;54,57;2017
347143;1;541,83;2018
347382;1;641,33;2018
347441;1;1170,92;2016
348065;1;506,76;2016
348421;2;4987,33;2018
349003;1;235,66;2016
349151;1;781,69;2017
349169;1;4598,89;2018
349387;1;10217,3;2016
349733;1;1484,05;2018
349922;1;3459,23;2018
350099;1;2376,46;2018
350163;1;9348,88;2017
350211;1;256,24;2016
350449;1;298,9;2018
350713;1;24,52;2017
350929;1;273,64;2017
351015;1;732,39;2016
351361;1;324,84;2016
351405;1;24,52;2017
351735;1;519,54;2016
351782;1;2257,12;2018
351797;1;821,09;2018
351816;1;9381,97;2017
351911;1;50,44;2016
352182;1;34,74;2017
352518;1;3647,72;2016
352631;1;908,72;2017
352653;1;47,68;2018
352683;1;24,35;2018
352703;1;2024,65;2016
352767;1;284,51;2018
352837;1;115,65;2018
352975;1;7434,77;2018
353020;1;509,45;2016
353187;1;298,04;2017
353196;1;24,21;2016
353249;1;77,64;2016
353263;1;3786,65;2018
353328;1;479,5;2017
353580;1;713,37;2018
353741;1;1308,24;2018
353770;1;2144,7;2017
353900;2;534,36;2018
354391;1;177,53;2018
354597;1;628,29;2016
355170;1;811,55;2018
355210;1;488,22;2017
355297;1;182,91;2017
355310;2;2760,49;2017
355938;1;188,61;2016
356085;1;217,14;2018
356550;1;148,74;2018
356951;1;5267,34;2018
356970;1;3297,74;2016
356993;1;410,39;2017
357026;1;2361,41;2018
357342;1;24,52;2017
357354;1;569,51;2018
357552;1;12134,95;2017
357679;1;24,21;2016
357747;1;262,29;2016
357866;1;298,75;2018
357968;1;665,41;2016
358299;1;199,27;2016
358700;1;2664,74;2017
359233;1;1124,9;2016
359328;1;198,23;2017
359364;1;171,14;2018
359423;1;722,71;2016
359479;1;608,55;2017
359573;1;13709,45;2016
359670;1;1087,15;2017
360104;1;40,58;2018
360182;1;1041,58;2018
360234;1;1691,73;2016
360261;1;6938,52;2017
360827;1;256,73;2018
360850;1;24,35;2018
361002;1;415,23;2016
361277;1;583,3;2018
361285;1;640,13;2018
361313;1;1398,15;2017
362583;1;1257,5;2018
362676;1;18358,72;2017
362713;1;960,77;2017
362747;1;3715,43;2018
362749;1;144,89;2017
362963;1;934,96;2017
363045;1;787,48;2016
363211;1;1206,72;2018
363422;1;56,2;2017
363447;1;24,21;2016
364121;1;172,51;2016
364279;1;300,67;2018
364431;1;3704,65;2018
364438;1;436,61;2018
364498;1;348,04;2016
364696;1;653,32;2018
364876;1;255,56;2017
365228;1;130,14;2016
365342;1;229,3;2016
365435;1;685,59;2016
365690;1;292,15;2016
365791;1;24,35;2018
365792;2;3346,36;2017
365801;1;1705,19;2018
365818;1;268,83;2018
365823;1;1927,37;2017
365883;1;3829,5;2018
365926;1;546,78;2018
366190;1;1506,68;2018
366354;1;775,16;2018
366376;1;6140,18;2018
366504;1;940,85;2017
366589;1;740,82;2017
366636;1;3499,73;2017
366736;1;24,52;2017
366752;1;517,36;2018
366786;1;888,37;2017
367031;1;1892,9;2018
367089;1;998,61;2018
367514;1;388,29;2017
367749;1;488,23;2018
367775;1;192,74;2018
367790;2;1920,61;2016
368233;1;2724,84;2018
368508;1;76,56;2017
368556;1;3608,28;2018
368683;1;382,34;2016
369002;1;728,35;2017
369194;1;920,46;2016
369345;1;534,36;2018
369483;1;392,39;2016
369620;1;24,52;2017
369817;1;271,37;2016
369821;1;24,52;2017
370134;1;380,41;2018
370180;1;1330,41;2017
370264;1;1434,82;2016
370588;1;88,64;2017
370663;1;2466,99;2018
370666;1;10844,01;2018
371078;1;315,88;2017
371224;1;651,75;2017
372244;1;2070,72;2017
372246;1;4228,8;2017
372276;1;173,51;2016
372354;1;569,08;2018
372441;1;1325,4;2017
372573;1;176,54;2016
372930;1;435,24;2018
372971;1;241,11;2016
373340;1;1141,24;2018
373443;1;740,54;2018
373506;1;24,35;2018
373572;1;19999,82;2017
373595;2;9729,54;2017
373917;1;742,12;2018
373978;1;1474,74;2018
374142;1;403,62;2017
374215;1;76,08;2018
374228;1;626,27;2016
374416;1;932,14;2016
374481;1;188,69;2018
374583;1;15,13;2016
374730;1;638,8;2017
374874;1;24,52;2017
375052;1;14900,64;2017
375240;1;131,96;2018
375330;1;391,56;2017
375416;1;14,35;2018
375472;1;674,62;2017
375483;1;5592,03;2017
375709;1;715,24;2016
375941;1;269,63;2016
376100;1;24,35;2018
376146;1;282,42;2018
376397;1;660,09;2017
376535;1;530,33;2018
376585;1;3367,02;2018
376616;1;541,89;2017
376679;1;1297,87;2018
376756;1;8673,77;2017
376866;1;559,89;2016
376974;1;895,74;2016
377110;1;127,73;2017
377122;1;111,98;2016
377264;1;1455,35;2017
377341;1;272,09;2017
377542;1;82,94;2018
377766;1;2651,86;2016
377784;1;132,81;2018
377834;1;361,21;2017
378266;1;718,44;2016
378377;1;268,22;2016
378441;1;232,31;2018
378460;1;2045,96;2018
378738;1;209,8;2017
378794;1;1238,71;2017
379074;1;254,62;2018
379135;1;225,97;2016
379190;1;574,23;2018
379242;1;4358,84;2016
379736;1;1617,08;2016
379741;1;2112,75;2018
379778;1;598,98;2017
379816;1;2176,8;2017
379980;1;305,55;2018
380104;1;1015,37;2016
380293;1;5901;2017
380295;1;2875,82;2017
380383;1;2002,48;2016
380763;1;733,58;2017
380809;1;943,51;2018
380886;1;21,05;2018
380998;1;54,48;2016
381191;1;230,28;2018
381254;1;1690,41;2017
381648;1;316,77;2016
382055;1;108,95;2016
382056;2;625,92;2017
382065;1;1642,66;2016
382236;1;451,87;2016
382287;1;1006,49;2017
382336;1;542,66;2016
382525;1;181,8;2017
382553;1;575,95;2016
382934;1;1609,36;2017
383088;1;780,57;2017
383184;1;1920,79;2017
383427;1;4909,57;2016
383581;1;182,09;2016
384074;1;24,52;2017
384238;1;61,31;2017
384596;1;2584,75;2018
384824;1;180,58;2016
384896;1;2812,27;2016
384904;1;1691,73;2016
385024;1;765,9;2018
385316;1;171,5;2016
385524;1;1329,63;2017
385590;1;1196,29;2016
385783;1;1718,4;2016
385817;1;966,84;2016
386349;1;696,14;2017
386395;1;1839,23;2017
386449;1;360,62;2017
386516;1;1394,77;2018
386700;1;116,66;2018
386818;1;5752,83;2017
387135;1;209,75;2016
387168;1;5114,8;2018
387210;1;395,96;2018
387221;1;3592,94;2018
387240;1;1830,74;2016
387769;1;400,55;2017
388262;1;253,82;2017
388272;1;967,2;2017
388344;1;1521,88;2017
388683;1;314,14;2016
388775;1;819,36;2018
388828;1;214,88;2016
388890;1;4246,53;2018
389108;1;382,18;2016
389273;1;689,9;2018
389619;1;158,38;2017
389890;1;692,59;2017
389912;1;533,59;2018
389955;1;1637,93;2017
390123;1;213,03;2018
390242;1;151,32;2016
390348;1;2154,19;2017
390506;1;5948,41;2017
390661;1;130,93;2017
390761;1;342,31;2017
391203;1;208,04;2018
391555;1;101,44;2018
391888;1;1657,47;2016
391972;1;2639,27;2017
392044;1;1150,05;2017
392379;1;623,96;2016
392453;1;40,87;2017
392474;1;85,75;2016
392781;1;1155,96;2017
392874;1;53,39;2016
393250;1;966,03;2018
393609;1;231,62;2016
393990;1;1359,35;2018
394830;1;1716,98;2017
394867;1;315,56;2016
394896;1;776,05;2018
394912;1;476,45;2018
394922;1;278,97;2018
395109;1;955,33;2018
395641;1;438,58;2018
396097;1;24,52;2017
396122;1;217,44;2017
396702;1;2566,9;2018
396835;1;1350,23;2017
397181;1;59,52;2016
398109;1;197,62;2017
398197;1;214,58;2017
398271;1;425,28;2017
398366;1;24,52;2017
398424;1;2863,95;2017
398771;1;24,52;2017
399141;1;1365,08;2018
399476;1;1629,76;2018
399574;1;569,67;2016
399712;1;51,61;2018
400036;2;360,13;2018
400304;1;634,02;2018
400543;1;178,82;2017
400580;1;1359,34;2017
400674;1;3413,5;2018
400694;1;382,34;2016
400845;1;24,21;2016
401017;1;24,35;2018
401143;1;151,32;2016
401260;1;83,58;2017
401461;1;24,52;2017
402121;1;334,85;2018
402176;1;823,26;2017
402453;1;113,59;2016
402534;1;316,71;2018
402569;1;2174,79;2018
402951;1;3636,19;2016
403007;1;503,4;2016
403101;1;302,64;2016
403139;1;1686,6;2018
403330;1;281,46;2016
403468;1;214,02;2016
403548;1;633,93;2017
403567;1;117,51;2017
403741;1;2510,4;2017
403916;1;234,74;2018
404538;1;471,41;2017
404672;1;473,94;2016
404731;1;1911,72;2016
404807;1;618,2;2017
405105;1;3268,45;2017
405262;2;289,5;2017
405667;1;6993,77;2016
405714;1;251,19;2016
406120;1;1939,4;2018
406203;1;1694,39;2016
406207;1;14,31;2017
406485;2;48,7;2018
406543;1;541,71;2018
406685;1;237,21;2016
406862;1;949,75;2018
406898;1;931,49;2018
406941;1;2554,5;2016
407008;1;6929,5;2016
407161;1;297,6;2016
407202;1;390,12;2018
407340;1;460,84;2017
407554;1;1766,06;2018
408127;1;234,74;2018
408185;1;734,04;2017
408189;1;950,62;2017
408447;1;275,25;2016
408552;2;732,05;2016
408601;1;512,8;2018
409024;1;115,26;2017
409512;1;280,99;2017
409515;1;1499,88;2016
409572;1;86,23;2018
409876;1;1463,7;2016
409906;1;15078,15;2016
410082;1;50,44;2016
410330;1;5179,48;2017
410331;1;1538,9;2016
410368;1;145,92;2017
410375;1;380,41;2018
410457;1;3021,38;2018
410635;1;164,66;2018
410822;1;1426,45;2016
411216;1;717,81;2017
411319;1;86,23;2018
411369;2;3808,58;2018
411596;1;138,34;2017
411632;1;7278,96;2016
411729;1;948,35;2018
412044;1;80,7;2016
412378;1;3795,63;2016
412738;1;213,03;2018
412911;1;15,13;2016
412925;1;100,43;2018
413140;1;24,35;2018
413396;1;89,78;2016
413525;1;75,66;2016
413621;1;23,84;2018
413629;1;1188,64;2018
413644;1;57,73;2017
413816;1;268,83;2018
413842;1;148,03;2018
413953;1;25,36;2018
414187;1;605,94;2017
414296;1;41,59;2018
414338;1;3894,94;2018
414394;1;3706,45;2018
414794;1;198,23;2017
414818;1;239,21;2017
415491;1;5049,44;2017
415684;1;4092,25;2018
415753;2;2231,26;2018
416137;1;2912,55;2017
416934;1;4064,14;2016
417217;1;461,13;2017
417360;1;281,46;2016
417864;2;1525,68;2018
417893;1;430,45;2018
418080;1;250,57;2018
418169;1;24,52;2017
418308;1;2277,63;2017
418623;1;1312,75;2017
418708;1;4387,31;2018
418774;2;5570,73;2016
418885;1;411,36;2016
419165;1;60,58;2018
419174;1;186,88;2017
419293;1;75,1;2017
419510;1;2200,23;2017
419645;1;1098,27;2018
419668;1;593,22;2018
419820;1;477,77;2016
419868;1;477,8;2018
420192;1;2338,89;2018
420253;1;6353,17;2017
420450;1;389,6;2017
420514;1;381,7;2018
420604;1;2216,79;2017
421407;1;1745,84;2016
421412;1;100,88;2016
421875;1;3662,26;2018
421959;1;24,52;2017
421964;1;4904,36;2017
422015;1;2586,73;2017
422301;1;336,96;2018
422705;1;3123,81;2018
422812;1;770,86;2017
423124;1;1705,19;2018
423201;1;2907,6;2017
423435;1;1546,67;2018
423587;1;1648,46;2018
424043;1;1981,54;2018
424378;1;229,93;2016
424457;1;1256,41;2017
424850;1;1151,05;2016
424968;1;1217,24;2018
425151;1;386,91;2018
425302;1;2040,74;2018
425563;1;904,71;2018
425766;1;443,76;2017
425808;1;59,16;2017
425891;1;1716,98;2017
426147;1;261,73;2018
426232;1;1717,7;2016
426312;1;24,21;2016
427061;1;478,12;2016
427089;1;95,84;2016
427269;1;2215,33;2018
427271;1;1020,33;2016
427329;1;386,66;2017
427488;1;1685,31;2017
427605;1;335,21;2016
427627;1;1474,47;2016
427682;1;282,06;2016
427738;1;1814,75;2018
428083;1;479,18;2016
428199;1;1802,25;2016
428267;1;1477,04;2018
429051;1;97,07;2017
429342;1;24,35;2018
429928;1;327,06;2016
430021;1;978,65;2016
430232;1;983,18;2016
430689;1;129,77;2017
431344;1;1768,36;2017
431422;1;24,52;2017
431463;1;154,35;2016
431879;1;844,33;2016
431980;1;277,02;2016
432017;1;10249,24;2017
432281;1;364,02;2017
432396;1;3264,15;2017
432605;1;919,85;2018
432697;1;3190,21;2018
432814;1;691,03;2017
432841;1;364,18;2018
433176;1;54,07;2017
433305;1;340,67;2017
433815;1;1660,45;2017
434026;1;1250,75;2016
434100;2;894,43;2016
434163;1;1587,29;2017
434429;1;663,69;2017
434765;1;17823,99;2018
434901;1;1951,16;2017
434965;1;231,02;2016
435003;1;45,4;2016
435078;1;130,14;2016
435123;1;24,52;2017
435128;1;2091,46;2016
435293;1;52,42;2016
435317;1;333,14;2018
435835;1;607,18;2018
435907;1;1052,65;2016
435964;1;2545,45;2017
436049;1;1281,6;2017
436756;1;3590,1;2018
436942;1;282,98;2018
437228;1;2531,92;2017
437335;1;5123,55;2016
437487;1;423,88;2017
437872;1;356,61;2017
437983;1;2284,38;2017
438105;1;776,84;2017
438280;1;1843,36;2017
438308;1;232,36;2017
438314;1;236;2016
438323;1;933,5;2016
438429;1;1879,41;2017
438872;1;152,17;2018
438906;1;1609,74;2016
439256;1;484,51;2018
439788;1;1403,74;2018
439963;1;131,15;2016
440039;1;356,72;2017
440064;1;1146,81;2016
440119;1;414,4;2018
440240;1;4024,88;2018
441156;1;3148,97;2017
442028;1;1290,27;2016
442056;1;65,6;2017
442076;1;107,29;2017
442176;1;1680,08;2018
442209;1;1094,78;2018
442526;1;432,02;2017
443154;1;1267,15;2018
443420;1;419,73;2018
443494;1;541,77;2017
443719;1;879,09;2017
443809;1;2533,19;2017
443895;1;57,51;2017
443946;1;3027,77;2017
443965;1;24,21;2016
444021;1;1718;2016
444111;1;215,09;2017
444659;1;600,24;2016
444663;1;279,4;2016
444798;1;255,78;2017
444931;1;464,48;2016
445002;1;1478,4;2018
445018;1;6551,9;2017
445036;1;193,12;2017
445103;1;906,84;2016
445297;1;671,94;2018
445646;1;7267,46;2016
445718;1;2955,63;2017
445983;1;1743,22;2017
446093;1;120,92;2018
446310;1;86,2;2018
446433;1;24,35;2018
446597;1;760,19;2018
446852;1;244,68;2018
447116;1;437,14;2018
447120;1;5239,45;2018
447296;1;311,72;2016
447432;1;382,94;2016
447455;1;856,54;2016
447572;1;24,21;2016
447655;1;148,21;2017
447687;1;545,1;2017
447849;1;3877,49;2017
448090;1;24,52;2017
448241;1;159,17;2018
448530;1;1427,07;2018
448906;1;432,78;2016
449429;1;930,58;2016
449973;1;1518,06;2018
450515;1;57,21;2018
450572;1;1646,27;2016
451035;1;1093,65;2018
451188;2;13229,51;2018
451661;1;1298,18;2018
451803;1;583,3;2018
451813;1;1085,15;2018
452008;1;1429,36;2017
452219;1;1756,47;2018
452260;1;211,85;2016
452287;1;211,72;2017
452618;1;1687,33;2016
452621;1;2258,41;2017
452771;1;2668,96;2017
453005;1;1082,8;2017
453025;1;15,22;2018
453139;1;1133,9;2016
453467;1;1849,25;2016
453601;1;505,8;2017
453737;1;508,99;2016
453865;1;216,89;2016
453895;1;133,16;2017
454055;1;521,51;2016
454313;1;76,08;2018
454504;1;1203,5;2017
454530;1;25,55;2017
454924;1;3408,39;2017
455392;2;940,73;2017
455980;1;138,23;2017
456009;1;602,87;2017
456058;1;24,21;2016
456112;1;100,88;2016
456167;1;157,24;2018
456197;1;24,52;2017
456855;1;2890,33;2016
457002;1;489,47;2018
457043;1;171,48;2017
457111;1;771,59;2018
458277;1;24,21;2016
458293;1;4056,88;2016
458313;1;1294,2;2016
458414;1;602,87;2017
458452;1;199,25;2017
458934;1;871,61;2016
459045;1;646,81;2017
459050;1;633,45;2016
459101;1;2488,74;2017
459182;2;338,8;2016
459189;1;260,27;2016
459197;1;5624,33;2017
459337;1;461,13;2017
459577;1;176,47;2018
459681;1;634,02;2018
459790;1;5370,5;2018
459944;1;24,52;2017
460624;1;528,62;2016
460641;1;263,75;2018
460691;1;11418,64;2018
460875;1;511,43;2016
460996;1;131,15;2016
461819;1;204,36;2017
462411;1;359,1;2016
462535;1;24,35;2018
462721;1;882,71;2016
462789;1;357,96;2017
462821;1;24,35;2018
462827;1;24,35;2018
463030;1;261,64;2016
463548;1;529,62;2016
463786;1;1121,93;2017
463821;1;3147,53;2017
463962;1;1476,35;2016
464218;1;767,51;2017
464414;1;9519,85;2017
464476;1;181,18;2016
464599;1;339,84;2018
464607;1;656,33;2016
464665;1;1447,57;2018
464732;1;16331,61;2018
464817;1;430,7;2017
464971;1;502,15;2018
465339;1;973,1;2018
465618;1;10763,94;2018
466118;1;445,27;2016
466121;1;1143,69;2016
466150;1;9514,87;2016
466378;1;379,41;2016
466565;1;45,4;2016
466883;1;818,47;2016
467293;2;808,26;2018
467337;1;2388,04;2018
467442;1;2869,55;2016
467526;1;277,02;2016
467929;1;3357,58;2016
468189;1;683,37;2016
468393;1;226,98;2016
468761;1;24,52;2017
468953;1;96,37;2018
469058;1;3785,97;2018
469453;1;2721,16;2016
470033;1;3884,72;2016
470069;1;1008,81;2016
470130;1;356,43;2018
470296;1;2483,28;2016
470310;1;1714,41;2017
470610;1;1072,33;2017
470758;1;431,14;2018
470823;1;1031,79;2017
470851;1;2004,36;2017
470857;1;2582,51;2017
471160;1;1353,08;2017
471187;1;5399,48;2017
471264;1;493,79;2018
471320;1;1107,65;2017
471417;1;485,36;2017
471431;1;143,05;2017
471493;1;307,69;2016
471833;1;287,42;2017
472744;1;1014,87;2017
472745;1;958,39;2016
472782;1;1830,01;2018
472983;1;645,05;2017
473241;1;298;2018
473278;1;279,38;2018
473305;1;201,76;2016
473757;1;439,71;2017
473927;1;92,55;2016
474023;1;3474,1;2018
474836;1;2037,77;2018
474898;1;456,58;2018
474901;1;344,91;2018
475077;1;539,07;2018
475180;1;3519,41;2017
475410;1;703,69;2018
475455;1;348,97;2018
476339;1;54,57;2017
476418;1;102,18;2017
476864;1;106,63;2017
476892;2;1216,47;2018
477169;1;1998,44;2018
477562;1;468,06;2018
477567;1;53,15;2017
477938;1;5334,11;2017
477944;1;300,02;2016
477960;1;243,47;2018
478065;1;456,58;2018
478210;1;106,52;2018
478445;1;61,31;2017
478629;1;91,96;2017
478763;1;229,93;2016
479087;1;203,21;2018
479386;1;514,9;2016
479443;1;395,41;2016
479772;1;2168,81;2018
479847;1;740,82;2017
480048;1;698,66;2017
480331;1;4510,1;2017
480779;1;835,21;2016
481856;1;812,35;2017
482806;1;323,36;2018
482873;1;1016,8;2016
483211;1;2129,18;2018
483705;1;318,44;2016
483730;1;472,53;2018
483762;1;1064,15;2018
484704;1;242,03;2016
484749;1;593,96;2017
484967;1;4580,18;2016
485174;1;1326,78;2016
485745;1;5185;2018
485923;1;1190,97;2018
486039;1;898,79;2017
486074;1;332,09;2017
486130;1;76,96;2017
486422;1;650,17;2018
486670;1;1714,85;2016
486698;1;657,99;2016
486708;1;204,89;2017
487104;1;1187,58;2017
487508;1;132,65;2018
487562;1;77,48;2016
487773;1;2027,97;2018
487775;1;197,73;2016
488472;1;85,83;2017
488575;1;1051,04;2018
488648;1;1204,11;2017
488660;1;313,66;2017
488856;1;206,23;2018
489087;1;2627,46;2016
489166;1;204,36;2017
489684;1;2757,52;2016
489745;1;1919,68;2016
489882;1;130,62;2018
490051;1;1461,68;2018
490097;1;503,4;2016
490229;1;130,14;2016
490323;1;154,58;2017
490429;1;134,71;2017
490550;1;1071,35;2016
490674;1;147,09;2018
490874;1;40,58;2018
490963;1;288,15;2017
491053;1;340,58;2017
491202;1;583,3;2018
491205;1;174,04;2017
491337;1;151,32;2016
491341;1;78,61;2016
491799;1;945,21;2018
491801;1;1389,73;2016
492243;1;3699,75;2017
492367;1;972,22;2016
492431;1;436,69;2016
492499;1;763,87;2018
492684;1;504,4;2016
492760;1;95,84;2016
492907;1;1139,95;2016
493014;1;1716,98;2017
493040;1;1552,14;2017
493100;1;24,52;2017
493305;1;1522,98;2016
493865;1;18237,69;2018
493911;1;3452,11;2017
494466;1;1940,14;2016
494481;1;6066,37;2016
494878;1;50,44;2016
494880;1;66,28;2016
494907;1;70,51;2017
494924;1;867,41;2016
495046;1;137,27;2018
495062;1;1254,59;2017
495141;1;792,19;2017
495149;1;6973,02;2017
495279;1;1752,57;2017
495419;2;1059,1;2016
495441;1;255,45;2017
495448;1;1661,4;2018
495607;1;183,52;2017
495928;1;1460,45;2018
496127;1;1716,25;2017
496249;1;1629,11;2018
496267;1;5778,89;2018
496276;1;284,37;2018
496540;1;231,02;2016
496684;1;209,93;2017
496931;1;1009,82;2016
497079;1;24,35;2018
497220;1;184,3;2018
497790;1;793,77;2016
497826;1;24,21;2016
498074;1;779,87;2018
498099;1;142,24;2016
498471;1;649,27;2018
498757;1;645,05;2017
499074;1;3742,11;2017
499177;1;83,31;2017
499406;1;442,16;2016
499425;1;1087,27;2018
499443;1;428,14;2017
499783;1;80,3;2016
